"Date","Price","Open","High","Low","Vol.","Change %"
"08/15/2025","97.85","96.23","98.28","96.23","","-0.19%"
"08/14/2025","98.04","100.12","100.16","96.46","","-0.13%"
"08/13/2025","98.17","94.14","98.17","94.14","","5.72%"
"08/12/2025","92.86","94.83","94.86","92.02","","-4.36%"
"08/11/2025","97.09","95.63","97.64","94.71","","4.24%"
"08/08/2025","93.14","96.75","96.75","93.14","","-4.34%"
"08/07/2025","97.37","94.44","98.84","94.06","","-0.45%"
"08/06/2025","97.81","96.83","97.81","95.33","","0.16%"
"08/05/2025","97.65","96.12","100.20","95.37","","1.88%"
"08/04/2025","95.85","105.81","105.99","95.76","","-12.70%"
"08/01/2025","109.79","106.19","112.96","104.33","","11.61%"
"07/31/2025","98.37","93.78","98.65","92.28","","4.28%"
"07/30/2025","94.33","95.63","100.55","94.10","","-0.85%"
"07/29/2025","95.14","87.76","96.06","87.76","","7.39%"
"07/28/2025","88.59","89.87","91.37","88.43","","-2.21%"
"07/25/2025","90.59","90.18","90.74","88.85","","0.94%"
"07/24/2025","89.75","88.05","89.93","86.82","","1.94%"
"07/23/2025","88.04","89.06","89.92","86.90","","-2.80%"
"07/22/2025","90.58","92.83","95.00","90.53","","-1.82%"
"07/21/2025","92.26","94.31","94.32","90.72","","-0.96%"
"07/18/2025","93.15","92.38","95.11","91.94","","0.27%"
"07/17/2025","92.90","95.19","95.24","92.89","","-2.78%"
"07/16/2025","95.56","94.48","103.29","92.65","","0.95%"
"07/15/2025","94.66","92.94","95.32","92.81","","-1.14%"
"07/14/2025","95.75","96.29","96.29","94.31","","2.37%"
"07/11/2025","93.53","93.62","95.12","92.02","","2.85%"
"07/10/2025","90.94","90.61","92.55","90.19","","-0.89%"
"07/09/2025","91.76","93.92","96.74","91.70","","0.49%"
"07/08/2025","91.31","93.73","93.83","91.00","","-5.18%"
"07/07/2025","96.30","95.39","99.04","94.72","","6.29%"
"07/03/2025","90.60","88.23","91.04","87.85","","0.89%"
"07/02/2025","89.80","90.02","90.18","88.49","","0.29%"
"07/01/2025","89.54","90.43","90.50","87.98","","-0.22%"
"06/30/2025","89.74","91.48","92.96","89.26","","-2.29%"
"06/27/2025","91.84","88.05","93.86","87.84","","2.50%"
"06/26/2025","89.60","89.29","90.05","87.86","","-0.06%"
"06/25/2025","89.65","91.30","93.19","89.13","","-2.86%"
"06/24/2025","92.29","98.12","98.31","92.03","","-11.53%"
"06/23/2025","104.32","111.23","111.85","104.32","","-4.17%"
"06/20/2025","108.86","104.87","112.38","104.39","","2.50%"
"06/18/2025","106.20","114.99","116.05","106.01","","-8.05%"
"06/17/2025","115.50","109.11","116.69","107.76","","8.77%"
"06/16/2025","106.19","107.34","107.90","102.59","","-6.33%"
"06/13/2025","113.37","110.70","116.06","105.93","","10.03%"
"06/12/2025","103.04","101.37","108.92","99.09","","4.06%"
"06/11/2025","99.02","92.83","100.67","88.34","","7.56%"
"06/10/2025","92.06","88.85","92.13","88.84","","3.47%"
"06/09/2025","88.97","91.58","91.84","88.59","","-0.54%"
"06/06/2025","89.45","91.20","91.20","88.32","","-4.02%"
"06/05/2025","93.20","90.26","94.53","88.92","","2.65%"
"06/04/2025","90.79","91.16","94.56","90.42","","-0.11%"
"06/03/2025","90.89","91.58","94.38","90.06","","-1.03%"
"06/02/2025","91.84","98.91","99.32","91.83","","-3.48%"
"05/30/2025","95.15","96.83","100.46","94.89","","-0.18%"
"05/29/2025","95.32","95.56","97.93","94.67","","-1.88%"
"05/28/2025","97.15","97.38","97.97","96.04","","0.68%"
"05/27/2025","96.49","104.05","104.99","95.94","","-12.09%"
"05/23/2025","109.76","112.38","112.38","106.14","","5.44%"
"05/22/2025","104.10","106.46","106.94","103.23","","-2.07%"
"05/21/2025","106.30","99.61","107.13","96.87","","10.02%"
"05/20/2025","96.62","96.19","99.25","96.03","","-0.28%"
"05/19/2025","96.89","101.79","101.89","96.78","","2.05%"
"05/16/2025","94.94","93.57","98.36","93.44","","0.88%"
"05/15/2025","94.11","98.27","99.02","94.08","","-3.14%"
"05/14/2025","97.16","93.34","97.69","93.30","","6.08%"
"05/13/2025","91.59","85.70","91.59","85.16","","4.16%"
"05/12/2025","87.93","91.47","91.47","87.07","","-8.74%"
"05/09/2025","96.35","95.68","98.29","95.55","","0.06%"
"05/08/2025","96.29","97.61","99.84","95.01","","-3.54%"
"05/07/2025","99.82","103.44","134.91","99.45","","-4.31%"
"05/06/2025","104.32","104.91","106.10","101.85","","3.11%"
"05/05/2025","101.17","102.50","104.76","99.31","","4.02%"
"05/02/2025","97.26","99.11","99.77","96.77","","-4.94%"
"05/01/2025","102.31","99.62","122.22","98.81","","0.02%"
"04/30/2025","102.29","107.02","113.01","101.35","","0.97%"
"04/29/2025","101.31","104.23","113.13","101.10","","-2.01%"
"04/28/2025","103.39","99.58","107.81","99.44","","4.49%"
"04/25/2025","98.95","104.63","107.35","98.95","","-3.91%"
"04/24/2025","102.98","108.19","108.24","102.58","","-5.54%"
"04/23/2025","109.02","106.79","111.49","103.88","","-3.49%"
"04/22/2025","112.96","119.59","119.59","112.63","","-8.98%"
"04/21/2025","124.11","122.74","129.22","122.74","","6.75%"
"04/17/2025","116.26","120.60","122.30","116.10","","-5.41%"
"04/16/2025","122.91","122.96","127.59","114.48","","6.06%"
"04/15/2025","115.89","121.59","122.91","114.89","","-5.26%"
"04/14/2025","122.32","132.07","136.79","120.59","","-16.99%"
"04/11/2025","147.35","161.33","170.32","146.51","","-6.29%"
"04/10/2025","157.24","145.30","177.47","142.43","","10.34%"
"04/09/2025","142.50","186.33","189.03","134.23","","-16.63%"
"04/08/2025","170.92","142.11","177.50","137.41","","11.98%"
"04/07/2025","152.63","157.77","168.12","141.68","","3.72%"
"04/04/2025","147.16","126.61","148.65","126.61","","23.17%"
"04/03/2025","119.48","114.14","120.21","110.32","","0.94%"
"04/02/2025","118.37","103.45","118.37","94.79","","21.34%"
"04/01/2025","97.55","101.75","103.45","96.28","","-1.58%"
"03/31/2025","99.12","109.87","112.14","98.08","","-3.24%"
"03/28/2025","102.44","91.30","102.62","89.93","","14.45%"
"03/27/2025","89.51","92.84","95.79","86.95","","-0.81%"
"03/26/2025","90.24","88.00","94.81","88.00","","3.18%"
"03/25/2025","87.46","83.19","89.40","83.19","","6.80%"
"03/24/2025","81.89","85.31","85.82","81.73","","-6.93%"
"03/21/2025","87.99","93.21","94.74","87.97","","-2.18%"
"03/20/2025","89.95","97.09","97.09","89.95","","-3.52%"
"03/19/2025","93.23","97.93","98.62","91.19","","-6.47%"
"03/18/2025","99.68","96.66","103.17","96.63","","3.91%"
"03/17/2025","95.93","97.58","97.77","93.74","","-2.34%"
"03/14/2025","98.23","109.67","109.67","96.85","","-12.99%"
"03/13/2025","112.89","115.25","118.92","112.19","","-2.59%"
"03/12/2025","115.89","122.68","124.14","114.06","","-10.52%"
"03/11/2025","129.51","134.90","139.49","127.12","","0.82%"
"03/10/2025","128.46","124.86","131.49","121.64","","11.00%"
"03/07/2025","115.73","119.57","123.71","114.15","","-4.21%"
"03/06/2025","120.82","118.09","124.32","112.90","","10.21%"
"03/05/2025","109.63","118.35","120.92","108.42","","-7.53%"
"03/04/2025","118.56","125.55","131.62","111.24","","-0.15%"
"03/03/2025","118.74","106.43","124.18","105.66","","8.95%"
"02/28/2025","108.99","115.12","117.43","107.87","","-5.05%"
"02/27/2025","114.79","102.13","115.60","102.13","","8.24%"
"02/26/2025","106.05","108.80","111.19","103.07","","-2.23%"
"02/25/2025","108.47","108.71","114.79","104.32","","1.56%"
"02/24/2025","106.80","105.51","114.15","101.12","","1.03%"
"02/21/2025","105.71","95.78","107.66","95.61","","11.29%"
"02/20/2025","94.99","95.67","100.09","94.36","","-0.59%"
"02/19/2025","95.55","101.25","101.25","94.98","","-2.99%"
"02/18/2025","98.50","97.35","100.66","97.14","","1.65%"
"02/14/2025","96.90","95.56","98.95","95.17","","1.49%"
"02/13/2025","95.48","98.61","100.04","94.91","","-3.30%"
"02/12/2025","98.74","106.34","106.52","98.72","","-1.08%"
"02/11/2025","99.82","100.34","101.17","98.16","","0.68%"
"02/10/2025","99.15","101.55","102.47","98.80","","-2.31%"
"02/07/2025","101.49","95.38","102.07","95.37","","4.88%"
"02/06/2025","96.77","96.90","98.93","95.58","","-0.53%"
"02/05/2025","97.29","100.85","102.37","96.94","","-3.56%"
"02/04/2025","100.88","106.50","107.97","98.90","","-7.46%"
"02/03/2025","109.01","111.98","115.25","100.93","","7.40%"
"01/31/2025","101.50","96.45","104.35","95.98","","3.23%"
"01/30/2025","98.32","98.88","100.50","96.57","","-3.30%"
"01/29/2025","101.68","102.81","108.03","100.33","","-1.99%"
"01/28/2025","103.74","108.35","111.48","101.91","","-5.96%"
"01/27/2025","110.31","117.47","117.47","109.00","","9.86%"
"01/24/2025","100.41","98.63","101.16","98.16","","0.89%"
"01/23/2025","99.52","100.34","100.47","98.55","","-1.03%"
"01/22/2025","100.56","98.54","101.76","97.50","","2.34%"
"01/21/2025","98.26","100.93","101.53","97.76","","-3.30%"
"01/17/2025","101.61","96.93","101.61","96.46","","1.77%"
"01/16/2025","99.84","97.21","99.84","96.37","","2.10%"
"01/15/2025","97.79","103.26","103.76","97.55","","-9.39%"
"01/14/2025","107.93","109.12","112.97","104.89","","-2.71%"
"01/13/2025","110.94","122.22","122.45","110.25","","-3.94%"
"01/10/2025","115.49","109.62","119.32","107.20","","11.12%"
"01/08/2025","103.93","109.52","114.91","102.98","","-2.29%"
"01/07/2025","106.37","94.85","110.99","94.69","","10.93%"
"01/06/2025","95.89","95.68","98.90","92.99","","1.62%"
"01/03/2025","94.36","104.63","104.75","93.74","","-11.47%"
"01/02/2025","106.59","103.67","113.74","101.54","","2.17%"
"12/31/2024","104.33","100.74","107.12","97.67","","1.24%"
"12/30/2024","103.05","108.74","112.80","97.10","","4.29%"
"12/27/2024","98.81","96.64","114.09","95.96","","6.51%"
"12/26/2024","92.77","95.06","102.47","91.97","","1.89%"
"12/24/2024","91.05","101.49","101.49","90.65","","-11.03%"
"12/23/2024","102.34","112.38","117.95","102.28","","-10.24%"
"12/20/2024","114.01","137.69","137.69","110.93","","-16.35%"
"12/19/2024","136.29","59.31","136.42","59.31","","5.01%"
"12/18/2024","129.79","101.09","131.73","97.75","","28.85%"
"12/17/2024","100.73","100.04","101.19","95.78","","2.42%"
"12/16/2024","98.35","96.94","98.54","95.89","","1.92%"
"12/13/2024","96.50","96.78","101.46","95.96","","-2.95%"
"12/12/2024","99.43","98.93","100.82","96.91","","1.34%"
"12/11/2024","98.12","95.28","99.39","94.75","","4.00%"
"12/10/2024","94.35","93.29","95.94","92.32","","0.54%"
"12/09/2024","93.84","91.01","94.76","90.05","","7.39%"
"12/06/2024","87.38","84.95","89.05","83.56","","0.49%"
"12/05/2024","86.95","88.21","88.81","86.05","","0.54%"
"12/04/2024","86.48","86.85","87.94","85.58","","0.06%"
"12/03/2024","86.43","88.02","89.67","85.67","","-0.78%"
"12/02/2024","87.11","89.63","90.32","86.61","","0.92%"
"11/29/2024","86.32","87.88","87.88","86.10","","-2.31%"
"11/27/2024","88.36","89.50","94.20","87.86","","0.74%"
"11/26/2024","87.71","89.12","89.39","85.46","","-1.22%"
"11/25/2024","88.79","92.16","96.01","88.77","","-6.66%"
"11/22/2024","95.13","99.87","100.27","94.98","","-6.09%"
"11/21/2024","101.30","98.50","106.06","97.10","","-0.88%"
"11/20/2024","102.20","99.70","109.14","98.88","","4.96%"
"11/19/2024","97.37","105.01","105.01","94.50","","3.79%"
"11/18/2024","93.81","99.52","100.12","92.38","","-5.18%"
"11/15/2024","98.93","93.30","110.17","92.10","","9.40%"
"11/14/2024","90.43","91.80","93.61","89.47","","-1.45%"
"11/13/2024","91.76","92.25","93.10","89.48","","2.58%"
"11/12/2024","89.45","90.17","92.58","88.33","","-1.41%"
"11/11/2024","90.73","89.05","90.80","88.53","","3.38%"
"11/08/2024","87.76","88.46","89.62","86.75","","-0.95%"
"11/07/2024","88.60","93.83","161.76","88.17","","-8.89%"
"11/06/2024","97.24","91.74","99.16","89.42","","-14.94%"
"11/05/2024","114.32","121.71","121.74","113.27","","-6.14%"
"11/04/2024","121.80","121.08","123.43","119.28","","2.25%"
"11/01/2024","119.12","120.30","121.51","116.07","","-2.27%"
"10/31/2024","121.89","117.43","124.95","117.43","","8.09%"
"10/30/2024","112.77","110.32","112.80","109.50","","3.74%"
"10/29/2024","108.70","113.41","114.42","108.68","","-3.15%"
"10/28/2024","112.23","114.51","114.55","111.87","","-4.49%"
"10/25/2024","117.50","107.93","117.68","107.08","","6.97%"
"10/24/2024","109.84","107.53","112.98","107.53","","1.60%"
"10/23/2024","108.11","101.35","112.51","101.34","","7.57%"
"10/22/2024","100.50","105.28","105.46","99.85","","-2.39%"
"10/21/2024","102.96","104.41","106.57","102.79","","1.99%"
"10/18/2024","100.95","104.94","105.10","100.09","","-4.67%"
"10/17/2024","105.89","109.44","110.41","105.30","","-5.13%"
"10/16/2024","111.62","112.66","115.62","110.98","","-1.13%"
"10/15/2024","112.90","105.76","113.62","105.40","","5.30%"
"10/14/2024","107.22","113.93","114.10","107.22","","-5.94%"
"10/11/2024","113.99","117.44","118.29","112.97","","-2.93%"
"10/10/2024","117.43","119.22","120.51","117.32","","-1.62%"
"10/09/2024","119.36","124.23","124.49","118.67","","3.95%"
"10/08/2024","114.82","117.70","117.86","113.32","","-6.33%"
"10/07/2024","122.58","115.29","123.37","112.81","","10.80%"
"10/04/2024","110.63","112.95","113.92","109.06","","-4.33%"
"10/03/2024","115.64","110.85","115.97","108.31","","7.10%"
"10/02/2024","107.97","112.52","115.63","106.58","","-1.97%"
"10/01/2024","110.14","100.41","117.68","100.41","","10.87%"
"09/30/2024","99.34","103.57","105.43","98.92","","-1.97%"
"09/27/2024","101.34","90.55","101.75","90.41","","12.78%"
"09/26/2024","89.86","91.79","92.42","89.82","","-0.69%"
"09/25/2024","90.48","92.09","93.53","90.34","","-0.49%"
"09/24/2024","90.93","94.95","97.34","90.42","","-3.69%"
"09/23/2024","94.41","96.22","97.45","93.48","","0.15%"
"09/20/2024","94.27","99.14","99.56","93.65","","-3.27%"
"09/19/2024","97.46","100.76","102.06","97.21","","-7.56%"
"09/18/2024","105.43","107.87","123.78","101.45","","-1.64%"
"09/17/2024","107.19","106.77","109.04","103.56","","0.49%"
"09/16/2024","106.67","106.00","110.98","105.98","","4.70%"
"09/13/2024","101.88","104.89","105.65","99.23","","-1.98%"
"09/12/2024","103.94","103.60","107.21","101.40","","1.01%"
"09/11/2024","102.90","109.70","120.01","101.69","","-4.01%"
"09/10/2024","107.20","111.00","116.65","106.76","","-3.29%"
"09/09/2024","110.85","117.86","118.65","110.04","","-7.11%"
"09/06/2024","119.33","110.72","129.28","106.87","","3.76%"
"09/05/2024","115.01","120.53","123.38","113.61","","-6.85%"
"09/04/2024","123.47","134.78","135.69","114.35","","-4.87%"
"09/03/2024","129.79","100.28","137.64","100.27","","38.47%"
"08/30/2024","93.73","95.43","98.89","91.46","","-3.45%"
"08/29/2024","97.08","99.36","100.28","93.71","","-8.69%"
"08/28/2024","106.32","95.78","109.78","95.15","","13.77%"
"08/27/2024","93.45","102.34","103.08","93.35","","-7.18%"
"08/26/2024","100.68","101.08","103.44","98.90","","1.47%"
"08/23/2024","99.22","109.41","117.95","99.09","","-11.83%"
"08/22/2024","112.53","105.95","116.02","105.33","","5.44%"
"08/21/2024","106.72","101.51","109.11","101.51","","4.89%"
"08/20/2024","101.74","100.58","105.01","99.48","","2.95%"
"08/19/2024","98.82","104.29","104.73","97.18","","-4.45%"
"08/16/2024","103.42","108.83","108.83","101.59","","-1.90%"
"08/15/2024","105.42","103.59","106.21","100.16","","-2.22%"
"08/14/2024","107.81","118.32","118.46","107.46","","-5.34%"
"08/13/2024","113.89","118.37","118.74","113.78","","-6.60%"
"08/12/2024","121.94","114.90","124.48","107.36","","6.38%"
"08/09/2024","114.63","134.54","135.64","114.12","","-14.67%"
"08/08/2024","134.34","144.83","146.39","134.16","","-11.17%"
"08/07/2024","151.24","136.43","154.79","129.46","","0.77%"
"08/06/2024","150.09","169.68","170.42","137.05","","-13.40%"
"08/05/2024","173.32","136.81","192.49","136.81","","26.69%"
"08/02/2024","136.81","119.84","162.68","119.03","","23.05%"
"08/01/2024","111.18","94.00","117.24","93.31","","17.96%"
"07/31/2024","94.25","93.77","95.47","87.98","","-5.72%"
"07/30/2024","99.97","92.54","101.85","92.43","","6.91%"
"07/29/2024","93.51","96.35","97.71","92.75","","-1.16%"
"07/26/2024","94.61","101.10","101.53","93.87","","-9.36%"
"07/25/2024","104.38","104.22","109.66","95.54","","-1.64%"
"07/24/2024","106.12","93.06","106.97","89.72","","19.90%"
"07/23/2024","88.51","93.54","94.25","87.94","","-5.50%"
"07/22/2024","93.66","97.52","97.52","90.60","","-4.36%"
"07/19/2024","97.93","94.88","101.71","93.64","","3.40%"
"07/18/2024","94.71","85.99","95.55","83.84","","7.28%"
"07/17/2024","88.28","85.38","89.08","84.02","","7.14%"
"07/16/2024","82.40","83.47","83.83","80.53","","-1.74%"
"07/15/2024","83.86","82.50","84.25","80.90","","2.76%"
"07/12/2024","81.61","82.32","82.32","72.07","","-3.39%"
"07/11/2024","84.47","82.47","86.96","82.39","","1.27%"
"07/10/2024","83.41","82.53","83.83","81.37","","6.15%"
"07/09/2024","78.58","78.36","79.24","77.56","","-0.01%"
"07/08/2024","78.59","79.93","80.11","78.19","","-0.27%"
"07/05/2024","78.80","77.69","79.07","77.60","","0.94%"
"07/03/2024","78.07","76.55","79.51","76.47","","1.31%"
"07/02/2024","77.06","76.86","78.92","75.30","","1.33%"
"07/01/2024","76.05","80.87","80.96","75.82","","-4.32%"
"06/28/2024","79.48","80.13","80.13","76.65","","-0.03%"
"06/27/2024","79.50","82.38","82.54","79.22","","-2.39%"
"06/26/2024","81.45","83.29","83.55","80.54","","-1.71%"
"06/25/2024","82.87","84.46","85.15","80.38","","-2.28%"
"06/24/2024","84.80","86.04","86.23","83.21","","1.79%"
"06/21/2024","83.31","86.09","87.31","81.69","","-2.81%"
"06/20/2024","85.72","79.89","86.59","79.76","","6.31%"
"06/18/2024","80.63","84.07","84.07","80.46","","-3.25%"
"06/17/2024","83.34","85.20","85.42","82.25","","-0.45%"
"06/14/2024","83.72","82.95","84.49","80.74","","7.06%"
"06/13/2024","78.20","77.68","80.28","76.74","","0.77%"
"06/12/2024","77.60","78.52","78.83","68.09","","-2.94%"
"06/11/2024","79.95","82.51","84.03","79.62","","1.24%"
"06/10/2024","78.97","80.54","80.63","78.77","","3.03%"
"06/07/2024","76.65","78.39","78.77","75.52","","-1.62%"
"06/06/2024","77.91","75.62","79.50","75.31","","3.55%"
"06/05/2024","75.24","77.29","78.13","74.82","","-3.10%"
"06/04/2024","77.65","81.00","81.73","77.65","","-1.45%"
"06/03/2024","78.79","80.05","82.85","78.41","","0.66%"
"05/31/2024","78.27","81.35","85.16","78.26","","-6.20%"
"05/30/2024","83.44","83.91","84.34","79.95","","-0.42%"
"05/29/2024","83.79","85.37","85.93","81.97","","2.63%"
"05/28/2024","81.64","82.14","84.33","81.25","","3.22%"
"05/24/2024","79.09","84.39","84.40","78.20","","-6.54%"
"05/23/2024","84.62","78.39","89.63","77.82","","5.83%"
"05/22/2024","79.96","78.37","85.97","76.23","","3.01%"
"05/21/2024","77.62","80.06","80.65","77.03","","-2.30%"
"05/20/2024","79.45","80.37","80.57","79.07","","1.30%"
"05/17/2024","78.43","77.22","79.33","77.16","","0.89%"
"05/16/2024","77.74","76.73","78.12","75.18","","1.87%"
"05/15/2024","76.31","76.58","77.23","74.86","","-1.73%"
"05/14/2024","77.65","77.75","79.14","77.59","","0.13%"
"05/13/2024","77.55","76.39","77.94","74.66","","5.86%"
"05/10/2024","73.26","73.96","74.79","72.88","","-0.69%"
"05/09/2024","73.77","74.60","75.28","73.65","","-0.98%"
"05/08/2024","74.50","74.25","75.50","74.02","","-0.05%"
"05/07/2024","74.54","73.39","75.32","73.17","","1.47%"
"05/06/2024","73.46","75.27","75.27","73.30","","-1.49%"
"05/03/2024","74.57","75.43","76.79","74.36","","-5.12%"
"05/02/2024","78.59","80.30","83.81","78.37","","-4.08%"
"05/01/2024","81.93","83.57","123.55","76.73","","0.13%"
"04/30/2024","81.82","79.44","81.96","77.22","","4.60%"
"04/29/2024","78.22","80.06","80.65","77.39","","-1.68%"
"04/26/2024","79.56","82.58","83.09","79.56","","-3.61%"
"04/25/2024","82.54","90.38","91.02","82.37","","-1.28%"
"04/24/2024","83.61","82.70","85.02","81.73","","1.52%"
"04/23/2024","82.36","87.38","87.59","82.02","","-8.02%"
"04/22/2024","89.54","95.60","96.22","89.26","","-9.64%"
"04/19/2024","99.09","99.41","102.87","96.75","","3.23%"
"04/18/2024","95.99","96.80","98.89","92.96","","-2.80%"
"04/17/2024","98.76","99.34","102.82","94.79","","-0.49%"
"04/16/2024","99.25","107.13","107.53","97.82","","-9.48%"
"04/15/2024","109.64","98.45","111.58","93.95","","6.74%"
"04/12/2024","102.72","94.59","112.86","94.42","","14.90%"
"04/11/2024","89.40","92.57","96.33","88.73","","-2.57%"
"04/10/2024","91.76","93.64","95.61","90.67","","8.66%"
"04/09/2024","84.45","85.85","90.01","84.26","","-2.10%"
"04/08/2024","86.26","90.48","90.88","85.76","","-4.77%"
"04/05/2024","90.58","90.75","91.66","88.43","","0.60%"
"04/04/2024","90.04","79.61","91.07","77.81","","11.05%"
"04/03/2024","81.08","84.29","85.34","80.53","","-2.03%"
"04/02/2024","82.76","82.14","86.64","82.14","","5.49%"
"04/01/2024","78.45","79.81","82.96","78.28","","2.46%"
"03/28/2024","76.57","76.50","78.10","75.79","","0.75%"
"03/27/2024","76.00","76.19","78.08","75.20","","-1.00%"
"03/26/2024","76.77","76.42","79.28","75.02","","0.22%"
"03/25/2024","76.60","78.85","78.87","76.19","","0.14%"
"03/22/2024","76.49","77.20","77.79","74.88","","-1.05%"
"03/21/2024","77.30","79.63","81.10","77.14","","-1.99%"
"03/20/2024","78.87","83.95","84.26","78.64","","-6.00%"
"03/19/2024","83.90","86.86","87.14","83.65","","-3.32%"
"03/18/2024","86.78","92.00","92.06","86.63","","-5.85%"
"03/15/2024","92.17","90.23","96.23","89.82","","3.85%"
"03/14/2024","88.75","85.45","92.61","85.34","","2.87%"
"03/13/2024","86.27","86.44","87.32","85.85","","3.00%"
"03/12/2024","83.76","87.39","88.46","83.66","","-5.86%"
"03/11/2024","88.97","90.61","92.14","88.13","","2.78%"
"03/08/2024","86.56","80.78","91.32","80.42","","5.39%"
"03/07/2024","82.13","81.93","83.07","81.93","","-1.18%"
"03/06/2024","83.11","81.47","83.81","81.43","","-0.95%"
"03/05/2024","83.91","80.36","86.14","80.36","","5.67%"
"03/04/2024","79.41","79.87","80.41","78.97","","2.23%"
"03/01/2024","77.68","76.69","80.97","76.34","","0.30%"
"02/29/2024","77.45","78.95","80.68","77.03","","-3.62%"
"02/28/2024","80.36","80.35","81.56","79.60","","2.32%"
"02/27/2024","78.54","79.45","79.62","77.99","","-2.43%"
"02/26/2024","80.50","79.99","81.04","79.59","","2.08%"
"02/23/2024","78.86","79.89","80.32","78.17","","-2.50%"
"02/22/2024","80.88","80.88","81.01","77.99","","-4.46%"
"02/21/2024","84.66","86.83","87.71","84.35","","-1.67%"
"02/20/2024","86.10","88.79","90.61","85.56","","4.20%"
"02/16/2024","82.63","82.88","85.01","80.03","","0.28%"
"02/15/2024","82.40","82.53","85.33","81.94","","-0.93%"
"02/14/2024","83.17","88.59","89.04","81.44","","-10.75%"
"02/13/2024","93.19","88.01","101.46","85.10","","10.11%"
"02/12/2024","84.63","82.95","85.37","82.80","","3.28%"
"02/09/2024","81.94","82.46","84.85","81.53","","-1.36%"
"02/08/2024","83.07","85.25","86.77","82.80","","3.14%"
"02/07/2024","80.54","79.83","82.26","79.60","","4.64%"
"02/06/2024","76.97","78.60","80.30","76.68","","-3.28%"
"02/05/2024","79.58","84.69","86.82","78.81","","-4.48%"
"02/02/2024","83.31","85.99","86.51","82.56","","-1.79%"
"02/01/2024","84.83","85.95","89.66","83.01","","-3.12%"
"01/31/2024","87.56","82.12","89.40","81.99","","6.47%"
"01/30/2024","82.24","83.69","83.94","81.80","","-1.39%"
"01/29/2024","83.40","83.92","84.92","83.01","","1.46%"
"01/26/2024","82.20","81.42","82.20","79.87","","1.00%"
"01/25/2024","81.39","80.57","81.81","79.75","","0.56%"
"01/24/2024","80.94","75.61","81.16","74.65","","5.57%"
"01/23/2024","76.67","78.19","78.78","76.08","","-3.16%"
"01/22/2024","79.17","83.42","83.45","78.63","","-3.39%"
"01/19/2024","81.95","84.93","85.73","81.57","","-5.08%"
"01/18/2024","86.34","88.62","90.10","86.07","","-5.49%"
"01/17/2024","91.36","95.97","96.19","88.82","","1.98%"
"01/16/2024","89.59","90.32","93.66","88.35","","4.09%"
"01/12/2024","86.07","75.63","86.07","75.14","","13.94%"
"01/11/2024","75.54","76.14","79.81","75.46","","-2.01%"
"01/10/2024","77.09","79.72","79.98","76.46","","-1.91%"
"01/09/2024","78.59","82.37","82.56","78.32","","-3.29%"
"01/08/2024","81.26","85.62","85.62","80.23","","-1.94%"
"01/05/2024","82.87","86.46","86.48","82.55","","-5.39%"
"01/04/2024","87.59","89.92","90.41","86.68","","-2.30%"
"01/03/2024","89.65","89.26","92.31","86.23","","1.77%"
"01/02/2024","88.09","91.86","92.82","87.59","","1.30%"
"12/29/2023","86.96","86.80","89.01","86.02","","0.31%"
"12/28/2023","86.69","85.99","87.67","85.99","","0.55%"
"12/27/2023","86.22","88.50","88.50","86.07","","-2.98%"
"12/26/2023","88.87","91.92","91.99","88.87","","0.28%"
"12/22/2023","88.62","89.42","90.70","87.56","","-1.37%"
"12/21/2023","89.85","90.39","94.44","89.08","","-2.53%"
"12/20/2023","92.18","89.02","94.23","85.25","","3.84%"
"12/19/2023","88.77","89.49","89.52","88.43","","0.11%"
"12/18/2023","88.67","89.87","89.87","87.56","","0.72%"
"12/15/2023","88.04","81.71","88.34","78.22","","8.92%"
"12/14/2023","80.83","80.84","83.57","80.63","","0.00%"
"12/13/2023","80.83","84.75","111.85","80.12","","-3.24%"
"12/12/2023","83.54","82.14","83.57","80.73","","1.45%"
"12/11/2023","82.35","83.93","84.03","81.92","","1.53%"
"12/08/2023","81.11","85.31","85.31","80.98","","-5.69%"
"12/07/2023","86.00","87.23","87.80","85.68","","-0.98%"
"12/06/2023","86.85","84.32","87.13","83.82","","1.27%"
"12/05/2023","85.76","88.14","88.42","85.67","","-2.28%"
"12/04/2023","87.76","90.42","92.16","87.54","","2.17%"
"12/01/2023","85.90","86.31","86.76","83.95","","-0.93%"
"11/30/2023","86.71","87.61","90.42","86.50","","-1.23%"
"11/29/2023","87.79","84.45","88.20","84.42","","3.11%"
"11/28/2023","85.14","86.04","86.70","84.77","","-0.01%"
"11/27/2023","85.15","84.92","85.97","84.73","","2.59%"
"11/24/2023","83.00","84.27","84.77","81.64","","-0.46%"
"11/22/2023","83.38","80.23","83.97","79.90","","1.97%"
"11/21/2023","81.77","82.34","82.72","79.37","","-0.05%"
"11/20/2023","81.81","83.67","83.67","80.80","","-0.02%"
"11/17/2023","81.83","82.96","84.68","81.35","","-1.68%"
"11/16/2023","83.23","84.58","85.45","82.76","","-1.98%"
"11/15/2023","84.91","81.79","85.21","81.21","","1.36%"
"11/14/2023","83.77","82.81","85.43","82.48","","-2.03%"
"11/13/2023","85.51","88.40","88.58","81.45","","-0.18%"
"11/10/2023","85.66","87.89","87.99","84.99","","-3.47%"
"11/09/2023","88.74","83.99","90.37","83.93","","4.35%"
"11/08/2023","85.04","88.36","89.60","84.00","","1.93%"
"11/07/2023","83.43","85.48","86.14","82.94","","-1.07%"
"11/06/2023","84.33","83.89","86.42","83.58","","1.81%"
"11/03/2023","82.83","83.03","83.15","81.74","","-0.49%"
"11/02/2023","83.24","83.91","85.16","82.82","","-2.16%"
"11/01/2023","85.08","87.09","87.71","84.68","","-3.25%"
"10/31/2023","87.94","94.57","95.48","87.42","","-7.66%"
"10/30/2023","95.23","100.31","100.31","93.99","","-6.67%"
"10/27/2023","102.04","100.09","104.00","97.16","","0.07%"
"10/26/2023","101.97","104.01","106.44","99.86","","-0.92%"
"10/25/2023","102.92","98.89","107.92","98.89","","4.44%"
"10/24/2023","98.54","107.84","108.01","97.74","","-9.60%"
"10/23/2023","109.00","117.70","118.79","105.26","","-5.57%"
"10/20/2023","115.43","114.90","117.55","112.15","","-0.89%"
"10/19/2023","116.47","104.97","116.47","102.19","","9.99%"
"10/18/2023","105.89","96.54","109.40","96.44","","10.53%"
"10/17/2023","95.80","97.82","99.68","91.98","","0.11%"
"10/16/2023","95.69","102.75","102.75","95.09","","-11.48%"
"10/13/2023","108.10","92.54","114.66","92.32","","17.67%"
"10/12/2023","91.87","90.47","97.44","88.85","","1.44%"
"10/11/2023","90.57","92.15","97.85","90.39","","0.52%"
"10/10/2023","90.10","91.30","91.82","88.98","","-2.10%"
"10/09/2023","92.03","96.64","96.64","91.26","","0.95%"
"10/06/2023","91.16","99.68","101.60","90.04","","-4.63%"
"10/05/2023","95.59","96.78","101.38","94.73","","0.01%"
"10/04/2023","95.58","103.18","103.68","94.89","","-8.44%"
"10/03/2023","104.39","98.59","106.79","96.45","","9.43%"
"10/02/2023","95.39","96.18","98.49","92.34","","1.37%"
"09/29/2023","94.10","91.35","96.67","88.02","","0.41%"
"09/28/2023","93.72","97.55","98.07","93.26","","-3.47%"
"09/27/2023","97.09","100.51","104.51","96.56","","-5.77%"
"09/26/2023","103.04","94.07","105.40","93.12","","12.32%"
"09/25/2023","91.74","94.30","95.09","91.23","","1.33%"
"09/22/2023","90.54","93.78","93.78","88.05","","-4.13%"
"09/21/2023","94.44","90.67","94.55","88.82","","7.26%"
"09/20/2023","88.05","83.42","88.57","82.62","","5.40%"
"09/19/2023","83.54","85.26","86.47","81.74","","-1.45%"
"09/18/2023","84.77","88.29","89.13","83.82","","-0.08%"
"09/15/2023","84.84","82.49","85.83","82.39","","2.86%"
"09/14/2023","82.48","83.51","84.65","82.48","","-2.93%"
"09/13/2023","84.97","86.56","86.56","84.83","","-0.77%"
"09/12/2023","85.63","85.85","86.94","84.52","","0.52%"
"09/11/2023","85.19","86.38","88.04","84.90","","-0.09%"
"09/08/2023","85.27","87.30","87.30","84.41","","-2.72%"
"09/07/2023","87.65","91.19","92.96","87.08","","-0.23%"
"09/06/2023","87.85","87.08","89.95","86.68","","1.64%"
"09/05/2023","86.43","87.70","88.49","85.46","","4.57%"
"09/01/2023","82.65","81.98","82.71","80.96","","2.29%"
"08/31/2023","80.80","78.99","81.71","78.25","","2.76%"
"08/30/2023","78.63","78.83","79.97","77.95","","-0.53%"
"08/29/2023","79.05","81.99","82.17","78.52","","-3.87%"
"08/28/2023","82.23","85.36","85.36","82.23","","-2.48%"
"08/25/2023","84.32","90.54","93.10","83.05","","-8.52%"
"08/24/2023","92.17","88.56","92.50","88.02","","3.57%"
"08/23/2023","88.99","91.79","92.23","88.65","","-3.92%"
"08/22/2023","92.62","93.66","96.14","92.03","","-2.75%"
"08/21/2023","95.24","98.75","98.91","94.55","","-2.10%"
"08/18/2023","97.28","109.39","109.47","96.67","","-8.86%"
"08/17/2023","106.74","103.53","109.40","102.19","","2.10%"
"08/16/2023","104.54","102.58","104.99","100.02","","1.22%"
"08/15/2023","103.28","98.40","103.41","98.05","","8.34%"
"08/14/2023","95.33","100.43","101.21","93.57","","-1.40%"
"08/11/2023","96.68","101.57","103.57","96.52","","-3.11%"
"08/10/2023","99.78","93.14","104.72","90.01","","2.41%"
"08/09/2023","97.43","100.05","106.52","96.48","","2.66%"
"08/08/2023","94.91","97.73","105.13","94.91","","2.06%"
"08/07/2023","92.99","99.68","100.02","92.84","","-6.66%"
"08/04/2023","99.63","91.37","102.00","89.12","","5.94%"
"08/03/2023","94.04","100.58","102.24","93.99","","-2.25%"
"08/02/2023","96.20","92.92","101.50","92.92","","9.96%"
"08/01/2023","87.49","89.11","89.19","86.86","","0.93%"
"07/31/2023","86.68","88.67","88.67","86.53","","-0.80%"
"07/28/2023","87.38","88.27","88.66","85.43","","-7.09%"
"07/27/2023","94.05","82.81","97.29","82.81","","10.15%"
"07/26/2023","85.38","90.50","90.52","85.25","","-5.13%"
"07/25/2023","90.00","92.37","92.62","89.32","","-1.90%"
"07/24/2023","91.74","94.55","95.00","91.61","","-1.74%"
"07/21/2023","93.36","93.17","94.05","92.23","","-0.74%"
"07/20/2023","94.06","92.89","94.38","90.45","","0.52%"
"07/19/2023","93.57","91.86","93.58","91.43","","0.62%"
"07/18/2023","92.99","96.07","97.08","92.29","","-3.12%"
"07/17/2023","95.98","96.57","96.60","93.63","","1.15%"
"07/14/2023","94.89","96.22","98.05","94.80","","-1.60%"
"07/13/2023","96.43","94.85","97.70","94.23","","0.61%"
"07/12/2023","95.85","94.66","97.33","91.33","","0.67%"
"07/11/2023","95.21","94.97","95.88","93.96","","-0.13%"
"07/10/2023","95.33","95.60","97.30","94.74","","0.89%"
"07/07/2023","94.49","97.83","97.83","92.23","","-0.85%"
"07/06/2023","95.30","93.75","104.75","93.74","","8.59%"
"07/05/2023","87.76","88.31","88.84","86.94","","4.27%"
"07/03/2023","84.17","85.71","85.74","83.71","","1.28%"
"06/30/2023","83.11","85.15","85.26","82.33","","-2.52%"
"06/29/2023","85.26","86.20","87.13","84.84","","-0.62%"
"06/28/2023","85.79","91.28","91.28","85.57","","-6.07%"
"06/27/2023","91.33","93.77","94.27","90.16","","-4.29%"
"06/26/2023","95.42","96.05","96.97","93.66","","3.34%"
"06/23/2023","92.34","93.83","93.83","88.57","","1.88%"
"06/22/2023","90.64","95.95","96.10","90.09","","-2.25%"
"06/21/2023","92.73","97.55","97.62","91.48","","-3.67%"
"06/20/2023","96.26","94.34","98.89","94.34","","6.14%"
"06/16/2023","90.69","93.60","94.10","89.44","","-3.47%"
"06/15/2023","93.95","94.10","95.89","92.10","","2.22%"
"06/14/2023","91.91","93.85","95.83","91.86","","-0.21%"
"06/13/2023","92.10","88.44","92.34","88.33","","-0.79%"
"06/12/2023","92.83","91.81","93.08","90.80","","3.49%"
"06/09/2023","89.70","87.77","93.25","87.76","","2.36%"
"06/08/2023","87.63","84.40","88.12","84.15","","4.32%"
"06/07/2023","84.00","85.04","85.47","83.25","","-2.03%"
"06/06/2023","85.74","85.78","86.78","83.61","","-0.03%"
"06/05/2023","85.77","88.32","88.60","85.24","","-0.45%"
"06/02/2023","86.16","83.49","86.18","82.36","","1.28%"
"06/01/2023","85.07","89.44","89.96","84.07","","-6.92%"
"05/31/2023","91.39","93.74","95.71","90.30","","-0.57%"
"05/30/2023","91.91","93.99","96.92","91.34","","-5.80%"
"05/26/2023","97.57","101.52","101.76","93.82","","-6.07%"
"05/25/2023","103.88","102.94","105.62","101.07","","-2.48%"
"05/24/2023","106.52","105.27","111.47","104.40","","4.52%"
"05/23/2023","101.91","100.26","104.79","98.43","","4.37%"
"05/22/2023","97.64","95.09","98.66","92.83","","3.03%"
"05/19/2023","94.77","88.37","99.02","88.15","","6.41%"
"05/18/2023","89.06","92.73","92.94","88.90","","-3.99%"
"05/17/2023","92.76","95.40","95.75","92.42","","-4.99%"
"05/16/2023","97.63","96.02","98.16","94.37","","3.15%"
"05/15/2023","94.65","99.39","100.05","94.13","","-5.86%"
"05/12/2023","100.54","95.62","101.96","95.43","","3.31%"
"05/11/2023","97.32","99.46","101.60","96.25","","-0.22%"
"05/10/2023","97.53","96.69","101.53","94.98","","5.49%"
"05/09/2023","92.45","93.52","93.87","91.95","","0.51%"
"05/08/2023","91.98","94.36","94.85","91.43","","0.20%"
"05/05/2023","91.80","93.79","93.79","90.49","","-7.03%"
"05/04/2023","98.74","94.89","108.11","94.46","","7.87%"
"05/03/2023","91.54","91.84","94.90","88.88","","0.09%"
"05/02/2023","91.46","90.18","101.06","89.71","","3.68%"
"05/01/2023","88.21","88.23","89.30","87.02","","1.51%"
"04/28/2023","86.90","85.81","86.90","83.57","","1.29%"
"04/27/2023","85.79","89.41","89.82","85.14","","-5.36%"
"04/26/2023","90.65","94.54","94.54","89.12","","-3.92%"
"04/25/2023","94.35","96.35","100.39","94.01","","0.42%"
"04/24/2023","93.96","97.81","98.09","93.81","","-3.07%"
"04/21/2023","96.94","98.51","100.00","95.64","","-1.54%"
"04/20/2023","98.46","98.37","99.81","95.20","","3.60%"
"04/19/2023","95.04","88.57","95.08","87.17","","7.99%"
"04/18/2023","88.01","82.62","88.16","81.69","","5.84%"
"04/17/2023","83.15","81.85","84.58","81.18","","-1.02%"
"04/14/2023","84.01","85.49","87.62","83.97","","-0.85%"
"04/13/2023","84.73","84.41","85.44","82.63","","-2.68%"
"04/12/2023","87.06","88.51","90.01","84.36","","1.33%"
"04/11/2023","85.92","85.79","86.53","83.81","","-0.02%"
"04/10/2023","85.94","88.78","88.78","85.45","","1.54%"
"04/06/2023","84.64","87.28","88.36","82.93","","-1.49%"
"04/05/2023","85.92","87.52","88.82","85.85","","1.42%"
"04/04/2023","84.72","84.92","89.49","84.18","","0.77%"
"04/03/2023","84.07","86.09","87.17","83.71","","-3.95%"
"03/31/2023","87.53","85.39","87.53","82.96","","2.57%"
"03/30/2023","85.34","87.31","89.97","85.12","","-2.78%"
"03/29/2023","87.78","88.62","90.01","87.37","","-3.97%"
"03/28/2023","91.41","94.77","96.83","91.39","","-3.85%"
"03/27/2023","95.07","97.23","98.60","94.73","","-4.66%"
"03/24/2023","99.72","108.69","112.39","99.43","","-3.11%"
"03/23/2023","102.92","100.23","109.71","94.36","","0.27%"
"03/22/2023","102.64","100.60","103.10","95.84","","1.43%"
"03/21/2023","101.19","100.57","104.03","98.98","","-8.14%"
"03/20/2023","110.16","125.42","126.00","109.88","","-11.70%"
"03/17/2023","124.75","114.58","126.05","113.38","","12.62%"
"03/16/2023","110.77","123.66","124.74","107.93","","-9.76%"
"03/15/2023","122.75","123.09","137.65","119.64","","17.02%"
"03/14/2023","104.90","100.50","109.98","93.31","","-8.42%"
"03/13/2023","114.54","127.73","128.34","105.83","","5.45%"
"03/10/2023","108.62","91.91","126.77","91.02","","18.01%"
"03/09/2023","92.04","74.56","92.26","73.60","","23.26%"
"03/08/2023","74.67","78.79","78.86","73.70","","-4.93%"
"03/07/2023","78.54","77.36","78.95","75.32","","2.79%"
"03/06/2023","76.41","78.47","78.48","75.89","","0.63%"
"03/03/2023","75.93","76.63","76.99","75.08","","-1.82%"
"03/02/2023","77.34","81.87","82.09","77.04","","-3.99%"
"03/01/2023","80.55","81.32","82.11","79.40","","-0.26%"
"02/28/2023","80.76","82.97","83.00","79.22","","-2.94%"
"02/27/2023","83.21","84.56","85.23","82.31","","-2.40%"
"02/24/2023","85.26","87.87","90.34","84.86","","0.12%"
"02/23/2023","85.16","89.43","90.47","85.07","","-6.66%"
"02/22/2023","91.24","95.66","95.66","90.13","","-4.95%"
"02/21/2023","95.99","93.02","96.90","91.28","","9.12%"
"02/17/2023","87.97","89.97","90.81","87.19","","-0.32%"
"02/16/2023","88.25","88.62","91.71","84.19","","4.06%"
"02/15/2023","84.81","89.59","89.63","82.94","","-4.92%"
"02/14/2023","89.20","93.88","94.48","86.49","","-5.06%"
"02/13/2023","93.95","95.90","96.82","91.88","","-1.76%"
"02/10/2023","95.63","97.80","100.21","94.75","","-2.38%"
"02/09/2023","97.96","92.53","100.53","91.95","","3.30%"
"02/08/2023","94.83","90.85","95.77","89.72","","12.17%"
"02/07/2023","84.54","86.12","87.51","83.25","","-0.66%"
"02/06/2023","85.10","86.53","86.53","83.85","","1.93%"
"02/03/2023","83.49","86.00","86.00","81.37","","-1.74%"
"02/02/2023","84.97","79.17","86.78","77.63","","4.64%"
"02/01/2023","81.20","83.90","86.32","79.54","","-3.22%"
"01/31/2023","83.90","86.34","87.74","83.90","","-2.59%"
"01/30/2023","86.13","86.22","86.35","84.54","","3.38%"
"01/27/2023","83.31","82.95","83.60","80.01","","2.10%"
"01/26/2023","81.60","81.51","83.73","80.15","","1.07%"
"01/25/2023","80.74","81.57","84.70","80.58","","1.73%"
"01/24/2023","79.37","79.27","79.95","77.21","","1.31%"
"01/23/2023","78.34","82.33","82.51","77.88","","-3.32%"
"01/20/2023","81.03","85.35","85.82","80.57","","-4.83%"
"01/19/2023","85.14","87.38","87.94","84.00","","-0.22%"
"01/18/2023","85.33","83.17","86.35","82.91","","2.27%"
"01/17/2023","83.44","83.09","84.03","81.10","","3.15%"
"01/13/2023","80.89","79.55","81.17","78.12","","2.67%"
"01/12/2023","78.79","78.54","79.80","75.98","","-0.19%"
"01/11/2023","78.94","77.21","78.97","76.96","","3.84%"
"01/10/2023","76.02","77.87","77.89","75.71","","-1.62%"
"01/09/2023","77.27","75.87","77.47","74.53","","4.59%"
"01/06/2023","73.88","74.43","75.31","72.27","","-2.74%"
"01/05/2023","75.96","77.66","78.61","75.62","","-0.90%"
"01/04/2023","76.65","79.45","80.10","76.60","","-4.59%"
"01/03/2023","80.34","78.85","82.83","78.41","","4.27%"
"12/30/2022","77.05","78.44","78.56","77.01","","-0.30%"
"12/29/2022","77.28","78.79","78.99","76.85","","-3.28%"
"12/28/2022","79.90","79.25","80.05","77.15","","1.59%"
"12/27/2022","78.65","81.04","81.77","78.45","","-0.24%"
"12/23/2022","78.84","81.11","82.16","77.95","","-3.78%"
"12/22/2022","81.94","78.21","88.26","78.21","","5.54%"
"12/21/2022","77.64","81.40","81.63","77.64","","-6.46%"
"12/20/2022","83.00","87.91","88.44","81.67","","-5.19%"
"12/19/2022","87.54","94.33","94.33","86.91","","-1.81%"
"12/16/2022","89.15","92.19","93.54","89.15","","-3.37%"
"12/15/2022","92.26","89.84","93.59","89.33","","4.43%"
"12/14/2022","88.35","89.82","92.00","88.05","","-0.44%"
"12/13/2022","88.74","85.86","91.63","85.30","","-3.26%"
"12/12/2022","91.73","88.95","92.75","88.81","","5.12%"
"12/09/2022","87.26","83.93","87.26","83.69","","2.78%"
"12/08/2022","84.90","86.84","87.18","84.19","","-2.62%"
"12/07/2022","87.18","86.76","87.67","86.32","","0.68%"
"12/06/2022","86.59","84.64","87.18","84.44","","2.22%"
"12/05/2022","84.71","84.02","86.68","83.30","","3.85%"
"12/02/2022","81.57","85.54","85.54","80.12","","-0.75%"
"12/01/2022","82.19","82.06","82.30","80.89","","0.49%"
"11/30/2022","81.79","84.75","86.04","80.41","","-4.26%"
"11/29/2022","85.43","87.62","87.67","84.19","","-2.18%"
"11/28/2022","87.33","85.60","88.51","85.01","","5.85%"
"11/25/2022","82.50","82.44","84.39","82.34","","0.95%"
"11/23/2022","81.72","78.73","82.87","78.24","","5.03%"
"11/22/2022","77.81","76.48","77.93","76.13","","0.91%"
"11/21/2022","77.11","79.73","80.37","76.19","","-0.73%"
"11/18/2022","77.68","79.03","79.23","77.33","","-4.29%"
"11/17/2022","81.16","85.03","85.04","80.32","","-0.27%"
"11/16/2022","81.38","87.50","87.63","80.35","","-7.85%"
"11/15/2022","88.31","84.22","89.85","79.81","","4.42%"
"11/14/2022","84.57","86.42","86.49","80.54","","-1.54%"
"11/11/2022","85.89","85.86","86.87","83.37","","0.13%"
"11/10/2022","85.78","85.08","87.08","82.06","","-4.81%"
"11/09/2022","90.11","87.67","92.24","86.48","","6.51%"
"11/08/2022","84.60","80.55","85.85","80.36","","5.82%"
"11/07/2022","79.95","79.71","81.20","79.20","","0.90%"
"11/04/2022","79.24","77.32","81.30","76.91","","0.09%"
"11/03/2022","79.17","83.44","83.46","77.98","","-2.17%"
"11/02/2022","80.93","79.88","81.92","79.13","","0.86%"
"11/01/2022","80.24","77.39","80.63","77.21","","1.75%"
"10/31/2022","78.86","80.19","80.19","77.96","","0.95%"
"10/28/2022","78.12","80.79","80.85","77.41","","-5.32%"
"10/27/2022","82.51","80.30","83.13","79.49","","2.60%"
"10/26/2022","80.42","82.23","82.59","79.17","","-2.18%"
"10/25/2022","82.21","85.54","85.95","81.48","","-4.47%"
"10/24/2022","86.06","88.97","90.12","85.59","","-1.44%"
"10/21/2022","87.32","87.10","88.15","84.88","","-1.17%"
"10/20/2022","88.35","90.65","90.79","85.54","","-2.58%"
"10/19/2022","90.69","94.28","94.44","89.95","","-1.74%"
"10/18/2022","92.30","93.99","95.14","92.24","","-5.16%"
"10/17/2022","97.32","99.53","99.78","96.88","","-4.53%"
"10/14/2022","101.94","100.31","104.41","99.51","","0.67%"
"10/13/2022","101.26","109.85","109.91","99.16","","-7.26%"
"10/12/2022","109.19","109.01","109.83","107.69","","3.73%"
"10/11/2022","105.26","107.99","108.77","103.95","","-1.73%"
"10/10/2022","107.11","104.18","109.89","104.18","","3.62%"
"10/07/2022","103.37","97.98","104.76","97.91","","5.77%"
"10/06/2022","97.73","94.23","97.73","93.90","","5.32%"
"10/05/2022","92.79","98.61","99.90","92.57","","-4.17%"
"10/04/2022","96.83","98.53","99.71","96.04","","-6.02%"
"10/03/2022","103.03","106.47","107.75","102.32","","-2.98%"
"09/30/2022","106.19","107.94","108.93","102.72","","-1.96%"
"09/29/2022","108.31","108.93","114.97","107.73","","2.34%"
"09/28/2022","105.83","116.07","117.30","105.61","","-6.97%"
"09/27/2022","113.76","106.61","117.07","105.14","","4.28%"
"09/26/2022","109.09","103.14","111.00","100.08","","7.42%"
"09/23/2022","101.55","91.83","105.51","91.73","","13.87%"
"09/22/2022","89.18","89.99","91.94","88.55","","-3.12%"
"09/21/2022","92.05","90.62","92.10","86.78","","1.02%"
"09/20/2022","91.12","90.87","91.59","87.71","","2.39%"
"09/19/2022","88.99","94.46","94.72","88.34","","-3.71%"
"09/16/2022","92.42","94.95","96.78","92.05","","-0.21%"
"09/15/2022","92.61","93.69","93.83","90.14","","-1.04%"
"09/14/2022","93.58","96.98","96.98","92.92","","-0.33%"
"09/13/2022","93.89","87.01","95.66","85.84","","11.07%"
"09/12/2022","84.53","85.46","86.21","84.47","","0.52%"
"09/09/2022","84.09","84.78","84.99","83.76","","-1.73%"
"09/08/2022","85.57","89.67","89.80","85.43","","-3.05%"
"09/07/2022","88.26","94.14","94.19","87.68","","-6.19%"
"09/06/2022","94.08","88.49","94.08","88.42","","5.48%"
"09/02/2022","89.19","85.34","90.38","83.11","","1.65%"
"09/01/2022","87.74","89.43","91.83","87.17","","-0.75%"
"08/31/2022","88.40","90.31","90.64","86.92","","-2.97%"
"08/30/2022","91.11","90.56","93.82","89.71","","-0.50%"
"08/29/2022","91.57","94.11","94.28","89.50","","-0.10%"
"08/26/2022","91.66","85.12","92.47","84.01","","10.01%"
"08/25/2022","83.32","86.59","87.07","83.02","","-3.62%"
"08/24/2022","86.45","92.35","92.35","86.45","","-7.38%"
"08/23/2022","93.34","94.88","95.10","91.22","","-1.49%"
"08/22/2022","94.75","95.20","95.97","92.51","","5.55%"
"08/19/2022","89.77","88.25","92.83","87.82","","3.83%"
"08/18/2022","86.46","87.24","89.02","84.25","","-1.15%"
"08/17/2022","87.47","87.95","89.47","84.97","","-0.66%"
"08/16/2022","88.05","88.19","89.52","86.27","","-0.77%"